host_id,host_listings_total_count,host_listings_entire_homes_count,host_listings_private_rooms_count,host_listings_shared_rooms_count
4645,1,0,1,0
5059,5,0,5,0
5061,2,0,2,0
5803,2,0,2,0
6527,1,1,0,0
17633,27,27,0,0
32015,4,1,3,0
53927,1,1,0,0
36646,2,1,1,0
138459,11,0,11,0
50148,2,2,0,0
301975,1,1,0,0
315148,37,1,36,0
332901,1,1,0,0
481929,4,0,4,0
723470,1,1,0,0
738459,4,3,1,0
745305,2,1,1,0
767543,2,1,1,0
835242,1,0,1,0
852801,2,1,1,0
956417,1,1,0,0
966613,1,0,1,0
983611,1,1,0,0
1005751,2,0,2,0
1159505,4,0,4,0
1505235,1,1,0,0
1528235,1,1,0,0
1541062,3,1,2,0
1563230,1,1,0,0
1722407,1,1,0,0
1096793,1,1,0,0
1907809,1,1,0,0
2038963,1,1,0,0
2170422,2,0,2,0
2215579,1,1,0,0
40168,1,1,0,0
2252538,1,1,0,0
2583808,3,3,0,0
2645588,1,1,0,0
2666087,1,1,0,0
2761762,4,4,0,0
2771266,2,2,0,0
1671809,1,0,1,0
3517743,4,0,4,0
1565502,1,1,0,0
3138065,2,2,0,0
1399272,1,1,0,0
4027780,1,1,0,0
4071043,4,1,3,0
3885360,1,1,0,0
3765717,1,0,1,0
3825475,1,0,1,0
2236092,1,1,0,0
511136,4,1,3,0
4608059,1,1,0,0
4098280,1,0,1,0
1541121,1,1,0,0
4698675,1,1,0,0
4280278,2,2,0,0
4752493,1,0,1,0
4795247,3,3,0,0
4977214,1,1,0,0
5121445,1,0,1,0
1662757,4,4,0,0
2070536,1,1,0,0
3672670,14,1,13,0
5448602,4,1,3,0
1813448,1,1,0,0
7703359,3,3,0,0
7882953,3,0,3,0
2639916,1,0,1,0
2629218,2,2,0,0
7777552,2,2,0,0
8199495,1,1,0,0
8354112,2,2,0,0
8654665,1,1,0,0
8713526,1,0,1,0
8828921,1,1,0,0
476581,1,1,0,0
9210898,1,1,0,0
9260186,3,3,0,0
9335278,1,1,0,0
9391057,2,2,0,0
9462131,2,0,2,0
3045892,1,1,0,0
9550761,1,1,0,0
4176601,1,0,1,0
9542055,2,0,2,0
10470695,1,1,0,0
9419684,26,26,0,0
9011212,3,3,0,0
10017900,1,1,0,0
10292686,16,16,0,0
3073728,4,3,1,0
9354986,5,0,5,0
11190236,1,0,1,0
774839,1,1,0,0
3574033,2,2,0,0
11630609,1,1,0,0
743745,2,0,2,0
11788216,1,1,0,0
8041566,1,1,0,0
4073665,1,1,0,0
11970274,1,0,1,0
12062787,1,1,0,0
6355960,3,0,3,0
12615669,1,0,1,0
4690322,1,1,0,0
11559071,4,1,3,0
12803481,1,0,1,0
12804388,2,0,2,0
11133326,1,1,0,0
11392153,1,1,0,0
7737475,5,1,4,0
13433584,1,1,0,0
13505475,1,1,0,0
2564662,1,1,0,0
8519659,2,2,0,0
1864688,2,2,0,0
14275599,3,0,3,0
14692970,7,7,0,0
5487930,15,2,13,0
15744022,1,1,0,0
15059128,1,1,0,0
5968774,1,1,0,0
16213289,1,1,0,0
14139251,1,1,0,0
16750072,1,1,0,0
17078364,1,1,0,0
5845658,1,1,0,0
2631976,1,1,0,0
17403695,3,1,2,0
10327823,1,1,0,0
14448941,1,1,0,0
17818537,1,1,0,0
5872012,2,2,0,0
5047005,1,1,0,0
18332074,1,1,0,0
9703984,1,0,1,0
13242517,1,1,0,0
18466625,1,1,0,0
18657916,5,0,5,0
19301676,1,1,0,0
19143862,7,0,7,0
1201707,2,1,1,0
1505552,1,1,0,0
476901,1,1,0,0
20236500,1,1,0,0
20548311,1,1,0,0
17672355,1,1,0,0
9581687,3,0,3,0
7808700,1,1,0,0
21032851,1,1,0,0
21132530,1,1,0,0
2071346,4,1,3,0
21506582,3,1,2,0
347943,1,1,0,0
22461157,1,1,0,0
4192192,2,2,0,0
7920042,2,1,1,0
8043437,7,0,7,0
23247942,1,1,0,0
23254878,1,1,0,0
22756175,1,0,1,0
23193071,15,15,0,0
22731277,3,3,0,0
5688329,2,2,0,0
2534048,1,1,0,0
23859573,1,1,0,0
17207062,3,3,0,0
245078,1,1,0,0
21569885,1,0,1,0
24001443,1,1,0,0
5243080,5,5,0,0
24426199,2,1,1,0
24447822,1,1,0,0
24479523,1,1,0,0
21427410,1,1,0,0
14008393,1,1,0,0
3615132,1,1,0,0
24914253,3,3,0,0
5356790,3,0,3,0
12710712,1,1,0,0
25363242,2,0,2,0
25447150,1,1,0,0
21910309,2,2,0,0
20056719,2,1,1,0
25759283,1,1,0,0
2726546,3,2,1,0
25969674,2,2,0,0
10172779,1,1,0,0
22801633,4,4,0,0
3936592,3,0,3,0
22239362,2,2,0,0
26667291,1,1,0,0
26875971,1,1,0,0
4440623,1,1,0,0
19361397,1,1,0,0
10295815,2,2,0,0
27550391,2,2,0,0
27843930,1,1,0,0
25338537,1,1,0,0
24547564,1,1,0,0
2828498,1,0,1,0
29347194,1,0,1,0
10152762,1,1,0,0
6336395,1,1,0,0
7478562,1,1,0,0
6094598,1,0,1,0
30664423,1,1,0,0
7495211,1,1,0,0
15274203,1,0,1,0
29712821,1,0,1,0
30283594,53,53,0,0
5571655,1,0,1,0
2379779,3,2,1,0
783034,1,1,0,0
27211012,2,2,0,0
7774762,1,1,0,0
9581259,2,2,0,0
34312,1,1,0,0
32959018,2,2,0,0
32837957,2,0,2,0
18896296,1,0,1,0
22653397,2,0,2,0
20282,2,1,1,0
2374185,3,3,0,0
29162373,2,0,2,0
11476499,1,1,0,0
33982959,1,1,0,0
34689948,1,1,0,0
9929955,1,1,0,0
24016367,1,1,0,0
35398484,1,0,1,0
35488526,1,1,0,0
35794807,1,1,0,0
35820399,1,1,0,0
32009941,2,0,2,0
31516956,1,1,0,0
6531855,1,1,0,0
7762489,1,1,0,0
37194861,1,0,1,0
13743641,5,5,0,0
38345667,1,1,0,0
38683977,3,0,3,0
604616,1,1,0,0
37919321,1,0,1,0
6757090,1,1,0,0
39382395,1,1,0,0
28825130,4,4,0,0
21014832,1,1,0,0
32851509,1,1,0,0
40313075,1,1,0,0
40644141,3,1,2,0
41047431,7,7,0,0
42069648,1,1,0,0
37251915,1,1,0,0
37085756,2,2,0,0
9624102,1,1,0,0
22145812,1,1,0,0
13226603,2,2,0,0
41656215,5,5,0,0
15538259,2,1,0,1
43811269,1,1,0,0
12843663,2,2,0,0
40308811,1,0,1,0
44025619,1,0,1,0
184501754,1,1,0,0
44167924,1,0,1,0
33109594,2,1,1,0
9296587,3,3,0,0
44658525,1,1,0,0
7442764,1,1,0,0
45325566,3,1,2,0
17098850,1,1,0,0
45858892,1,0,1,0
46326018,4,1,3,0
42722156,1,1,0,0
46630199,91,91,0,0
3004684,1,1,0,0
190082,1,1,0,0
47417669,1,1,0,0
5882214,1,1,0,0
7259037,1,1,0,0
9068009,1,1,0,0
13410248,1,1,0,0
48259132,2,2,0,0
19684173,2,2,0,0
37580895,1,1,0,0
3448315,11,4,7,0
13716353,1,1,0,0
49170773,1,1,0,0
2851775,1,1,0,0
3331633,1,1,0,0
5096803,1,1,0,0
33640455,1,1,0,0
36275317,1,1,0,0
44218721,1,1,0,0
3197708,1,1,0,0
16644446,14,14,0,0
46722229,1,1,0,0
25197983,1,1,0,0
51854674,1,1,0,0
53056625,1,1,0,0
3725621,2,0,2,0
44636030,1,0,1,0
53580080,12,11,0,0
53719149,1,1,0,0
53759813,1,1,0,0
53857552,1,0,1,0
18393059,3,3,0,0
54362762,1,1,0,0
46282344,1,1,0,0
5326343,1,1,0,0
16794398,1,1,0,0
52821397,1,1,0,0
55252534,1,1,0,0
13959136,1,1,0,0
55825734,1,1,0,0
344019,1,1,0,0
24669071,1,1,0,0
53610057,1,1,0,0
57270424,1,1,0,0
57817556,1,1,0,0
2491932,1,1,0,0
58113599,1,1,0,0
58166745,4,4,0,0
10532812,1,1,0,0
59087346,1,1,0,0
50071999,1,1,0,0
24327324,1,1,0,0
7408338,1,1,0,0
17051760,1,1,0,0
20527599,3,1,2,0
60902756,1,1,0,0
60195881,1,1,0,0
34195632,1,1,0,0
61401979,1,1,0,0
61680461,1,1,0,0
1998736,2,1,1,0
32782305,2,0,2,0
61861443,2,2,0,0
15365907,4,2,2,0
52087226,1,1,0,0
62638082,1,1,0,0
63078920,3,3,0,0
63247182,1,1,0,0
6165522,5,1,4,0
63949846,1,0,1,0
9272585,1,1,0,0
64358426,1,0,1,0
64423169,1,1,0,0
260501993,1,1,0,0
65403910,2,2,0,0
3221627,2,2,0,0
65969182,1,1,0,0
22059325,1,1,0,0
44583929,1,1,0,0
2216329,1,1,0,0
32928805,1,1,0,0
31551607,1,1,0,0
21446930,1,1,0,0
68399594,1,1,0,0
11771833,1,1,0,0
33579876,2,1,1,0
415218,1,0,1,0
60398867,1,1,0,0
69403545,1,1,0,0
44859433,1,1,0,0
65964736,1,1,0,0
10666566,1,1,0,0
5094757,1,1,0,0
70515834,1,1,0,0
9348212,1,1,0,0
5656,7,0,7,0
68764345,2,1,1,0
58228107,1,0,1,0
67905334,1,0,1,0
23246212,2,1,1,0
16820693,1,1,0,0
3644538,1,1,0,0
2390434,1,1,0,0
55009,7,1,6,0
74026365,1,1,0,0
74478298,1,0,1,0
74877774,1,1,0,0
1261711,2,2,0,0
77706798,2,1,1,0
2492536,5,5,0,0
59387158,1,1,0,0
79036815,3,3,0,0
4343477,1,1,0,0
39556632,1,1,0,0
1346845,1,1,0,0
33151642,5,5,0,0
58214542,1,1,0,0
74518047,2,0,2,0
71002747,1,0,1,0
81929011,1,1,0,0
5816343,1,1,0,0
11585007,1,1,0,0
16206623,2,2,0,0
64827706,2,2,0,0
86915512,1,1,0,0
87724136,2,2,0,0
4336089,1,1,0,0
88939509,1,1,0,0
2733434,1,1,0,0
88971653,1,1,0,0
89016153,1,1,0,0
89373138,2,2,0,0
6878743,1,1,0,0
90117890,6,6,0,0
54919923,1,1,0,0
14229159,1,1,0,0
93122946,2,2,0,0
22276780,1,1,0,0
21290155,1,1,0,0
48468538,1,1,0,0
94413936,1,1,0,0
86401186,3,1,2,0
14062357,1,1,0,0
86600663,1,1,0,0
41809632,1,1,0,0
25338996,1,1,0,0
19812987,1,1,0,0
44949993,11,2,9,0
96476055,1,1,0,0
27373538,1,0,1,0
43014415,1,1,0,0
25859907,1,1,0,0
95459395,33,33,0,0
87565931,1,1,0,0
30928000,1,0,1,0
47031800,1,1,0,0
3366060,1,1,0,0
98207538,2,2,0,0
98533333,1,1,0,0
68126271,1,1,0,0
3102692,1,1,0,0
40685012,1,1,0,0
62288976,1,1,0,0
100104886,1,1,0,0
54510810,1,1,0,0
36144779,1,1,0,0
30386874,1,1,0,0
7196325,1,0,1,0
101148074,1,1,0,0
101224851,1,1,0,0
6269633,1,1,0,0
3964420,1,1,0,0
14171572,1,1,0,0
6033272,1,1,0,0
68882789,2,0,2,0
6970679,2,2,0,0
102225058,1,1,0,0
87150307,1,0,1,0
35906337,1,1,0,0
16207242,1,1,0,0
71110500,3,0,3,0
19061220,1,1,0,0
2024948,3,3,0,0
25766824,1,1,0,0
12159102,1,1,0,0
2680706,1,1,0,0
10676734,1,1,0,0
13165562,2,2,0,0
7307125,1,1,0,0
6411133,1,1,0,0
13503254,1,1,0,0
105457042,1,1,0,0
1626178,1,1,0,0
105592042,7,1,6,0
92880710,1,1,0,0
62342195,1,1,0,0
16199167,2,2,0,0
27914570,1,1,0,0
106615219,1,1,0,0
13360566,1,1,0,0
106911033,1,1,0,0
54126082,4,4,0,0
31271409,1,1,0,0
6655288,1,1,0,0
31214578,1,1,0,0
107278901,1,1,0,0
104127819,2,0,2,0
2334362,2,2,0,0
42534044,1,0,1,0
39930655,247,243,3,0
107552587,1,1,0,0
107569275,1,0,1,0
107697689,1,1,0,0
107888317,1,1,0,0
108007021,1,1,0,0
13720227,1,0,1,0
20242496,1,1,0,0
108261325,1,1,0,0
108364436,1,1,0,0
36993961,1,1,0,0
108624574,2,2,0,0
78194147,6,0,6,0
24051505,1,1,0,0
109529688,1,1,0,0
109568164,1,1,0,0
5437227,1,1,0,0
9306094,1,1,0,0
109849144,1,1,0,0
109863105,1,1,0,0
109898126,1,1,0,0
109436016,1,0,1,0
17934570,7,2,5,0
95221142,1,1,0,0
11236131,1,1,0,0
9771947,1,1,0,0
66251356,1,1,0,0
54138089,1,1,0,0
21706236,1,1,0,0
5850,2,2,0,0
111207965,1,0,1,0
46582948,3,3,0,0
111311001,4,4,0,0
6472382,1,0,1,0
387733,1,1,0,0
53596345,2,2,0,0
111760278,1,1,0,0
639308,1,0,1,0
111914877,1,1,0,0
63273507,3,1,2,0
26206487,1,1,0,0
14290568,1,1,0,0
112575738,1,1,0,0
89707115,2,1,1,0
112895048,1,1,0,0
104560694,2,2,0,0
4642626,4,2,2,0
74673637,1,1,0,0
113917603,1,1,0,0
100589,1,1,0,0
500279,1,1,0,0
2230499,1,1,0,0
13000882,2,2,0,0
73159980,2,0,2,0
24863780,1,1,0,0
26389480,9,0,9,0
87977393,5,5,0,0
8244177,1,1,0,0
487806,27,27,0,0
19800280,1,0,1,0
15333132,1,0,1,0
1436380,1,1,0,0
117540962,1,1,0,0
4714927,3,0,3,0
82332119,1,1,0,0
11626707,1,1,0,0
17219855,4,0,4,0
120146441,1,1,0,0
49670365,2,2,0,0
20409206,1,1,0,0
261256,1,1,0,0
16381569,2,1,1,0
121592889,1,1,0,0
121348070,2,0,2,0
392506,2,2,0,0
3484793,1,1,0,0
35829739,1,1,0,0
3664276,1,1,0,0
1275143,1,1,0,0
57567321,1,0,1,0
30368752,1,1,0,0
21536334,1,0,1,0
17680985,1,0,1,0
98799358,1,0,1,0
106426179,7,2,5,0
35942863,1,1,0,0
20181195,1,1,0,0
96456433,12,11,1,0
124644014,4,0,4,0
10657365,1,1,0,0
2993827,1,1,0,0
23215539,2,1,1,0
58603528,3,3,0,0
126333441,3,1,2,0
690881,1,1,0,0
18004955,1,1,0,0
583576,2,0,2,0
71554967,3,3,0,0
1507802,3,3,0,0
128115517,1,1,0,0
26808180,1,1,0,0
26180779,10,2,8,0
11462042,1,1,0,0
129906859,1,1,0,0
130131975,2,2,0,0
45371351,2,1,1,0
29817021,1,1,0,0
98811823,1,1,0,0
87627920,1,1,0,0
21338184,1,1,0,0
29184455,2,2,0,0
71551950,1,1,0,0
84924342,1,1,0,0
6483445,1,1,0,0
62968823,1,0,1,0
132637888,1,1,0,0
105502689,4,4,0,0
3386804,1,1,0,0
25717028,1,1,0,0
43905291,1,1,0,0
130116131,2,0,2,0
19131071,7,7,0,0
12430705,1,1,0,0
12605921,1,1,0,0
26296287,2,2,0,0
1631901,1,1,0,0
6480831,1,1,0,0
108164897,1,1,0,0
38387831,6,6,0,0
37792202,1,1,0,0
1001532,2,2,0,0
16615356,1,0,1,0
24635920,1,1,0,0
20917831,2,0,2,0
82738448,1,0,1,0
13136803,1,1,0,0
1026388,1,1,0,0
33008208,1,1,0,0
138787488,3,0,3,0
86790623,3,3,0,0
25863369,1,1,0,0
40640586,1,1,0,0
1858370,1,1,0,0
114562882,1,0,1,0
27055889,2,2,0,0
124782850,7,3,4,0
52964703,1,1,0,0
2291656,1,1,0,0
140334352,8,4,4,0
89325275,2,0,2,0
6066744,1,1,0,0
25683126,1,1,0,0
661119,1,1,0,0
51355304,1,1,0,0
143780236,2,2,0,0
143983211,1,1,0,0
17123337,1,1,0,0
24444960,1,1,0,0
144776629,1,1,0,0
3111772,1,1,0,0
176438,2,0,2,0
92210914,1,1,0,0
146624030,11,0,3,2
56754902,1,1,0,0
142993246,2,2,0,0
142299409,1,1,0,0
147252541,2,2,0,0
9265084,1,1,0,0
95921344,1,1,0,0
148703825,1,1,0,0
601702,1,1,0,0
94884587,1,1,0,0
142639760,1,1,0,0
54077384,1,1,0,0
95617504,1,1,0,0
3281515,1,1,0,0
61953100,1,1,0,0
20312243,1,1,0,0
86405650,1,1,0,0
152712129,1,1,0,0
45515061,1,1,0,0
69429712,1,1,0,0
71799021,1,1,0,0
67317030,2,2,0,0
27152040,1,1,0,0
6597874,1,1,0,0
26694024,1,1,0,0
27021311,1,1,0,0
150748953,1,1,0,0
7405667,1,1,0,0
1834705,1,1,0,0
11309130,1,1,0,0
158129211,1,1,0,0
4503953,1,1,0,0
125670628,2,2,0,0
49195938,1,1,0,0
6083109,1,1,0,0
157832931,1,1,0,0
4009241,1,1,0,0
159644445,4,0,4,0
27042315,1,1,0,0
159777015,1,1,0,0
160601943,3,3,0,0
122931819,2,2,0,0
17757296,2,2,0,0
17848261,1,1,0,0
160627439,1,1,0,0
116112352,1,1,0,0
140907869,1,1,0,0
4974030,1,1,0,0
163362419,2,1,1,0
1689867,1,1,0,0
163753719,1,1,0,0
26219810,1,0,1,0
164170573,1,1,0,0
38466365,4,2,2,0
164980877,1,1,0,0
165020675,1,1,0,0
147434844,1,1,0,0
62587952,4,4,0,0
23333270,4,4,0,0
165867129,1,1,0,0
32586644,1,1,0,0
166477115,2,2,0,0
56607502,2,0,2,0
78519257,1,1,0,0
167267878,1,1,0,0
39747152,2,2,0,0
167621187,1,1,0,0
167542927,1,1,0,0
168231720,1,1,0,0
24953267,3,3,0,0
106194503,1,1,0,0
3489498,1,1,0,0
168802442,1,1,0,0
55473069,1,1,0,0
169664944,3,0,3,0
9680354,8,8,0,0
170397638,1,1,0,0
32713202,2,2,0,0
4100648,1,1,0,0
1237439,1,1,0,0
37494995,2,2,0,0
3746732,3,3,0,0
19646676,1,1,0,0
36954714,1,1,0,0
172432100,1,0,1,0
26392545,2,1,1,0
59729779,1,0,1,0
62296794,2,2,0,0
36669572,7,7,0,0
44251938,1,1,0,0
2881676,1,1,0,0
28922618,1,1,0,0
121605308,1,0,1,0
175696585,1,1,0,0
21097703,1,1,0,0
16082647,1,1,0,0
70574319,1,1,0,0
177085783,5,0,5,0
63140065,1,1,0,0
178419661,1,1,0,0
178532898,1,1,0,0
79479469,1,1,0,0
15607339,2,0,2,0
179827733,1,1,0,0
77073200,2,2,0,0
22585815,1,1,0,0
179956839,3,0,3,0
54313635,1,0,1,0
13071021,1,1,0,0
20449943,1,1,0,0
182851117,4,4,0,0
86376750,3,1,2,0
183972502,1,1,0,0
98694394,6,6,0,0
104509918,1,1,0,0
128136372,1,1,0,0
9070652,1,1,0,0
185020877,1,1,0,0
182305052,5,0,5,0
35952857,1,1,0,0
5259313,1,1,0,0
180699677,1,1,0,0
35508656,1,1,0,0
187023239,1,1,0,0
186697530,1,1,0,0
187304607,1,1,0,0
31488625,1,1,0,0
521581,1,1,0,0
19979392,2,0,2,0
127871545,1,0,1,0
154321428,1,1,0,0
130259254,1,1,0,0
189535978,3,3,0,0
158352584,1,1,0,0
190135215,1,1,0,0
16259214,1,1,0,0
191611525,1,1,0,0
105748910,2,1,1,0
190842767,1,1,0,0
192477761,1,1,0,0
192876941,1,1,0,0
88364420,1,1,0,0
193324644,1,1,0,0
9263895,5,5,0,0
224561145,6,3,3,0
22991901,1,1,0,0
182058146,2,0,2,0
194610108,1,1,0,0
4471145,1,1,0,0
7653159,1,1,0,0
9147142,1,1,0,0
20668969,1,1,0,0
75458574,1,1,0,0
12337660,1,1,0,0
85931792,2,2,0,0
99955771,3,3,0,0
5717655,2,0,2,0
199728235,1,0,1,0
167034668,2,2,0,0
122469617,1,1,0,0
61446090,1,1,0,0
105711806,3,3,0,0
10750206,2,2,0,0
30315692,1,1,0,0
176970521,14,2,11,0
160559267,2,2,0,0
54872941,1,1,0,0
76443009,1,1,0,0
20323095,2,2,0,0
3991758,2,2,0,0
58390546,2,2,0,0
1904712,1,1,0,0
80788728,1,1,0,0
18681391,1,1,0,0
40812114,1,1,0,0
204740295,1,0,1,0
8116415,1,1,0,0
106767299,1,1,0,0
122382567,29,29,0,0
6250693,2,2,0,0
206022082,4,4,0,0
67977573,1,1,0,0
59645639,1,0,1,0
159982035,2,0,2,0
12677243,1,1,0,0
44535307,4,4,0,0
162230628,1,1,0,0
200902664,1,1,0,0
21077344,1,1,0,0
4636093,1,1,0,0
126463962,1,1,0,0
12928262,4,4,0,0
7772015,1,1,0,0
94568899,1,1,0,0
207573176,1,1,0,0
12986558,1,1,0,0
43721722,1,1,0,0
213398164,1,1,0,0
92543922,1,1,0,0
9286163,6,0,6,0
200421571,2,0,2,0
113851583,1,1,0,0
102274654,5,1,4,0
16913670,1,1,0,0
7739180,1,1,0,0
107434423,289,289,0,0
68075987,1,1,0,0
30984226,1,0,1,0
153142984,1,1,0,0
217836431,2,0,2,0
50382469,1,1,0,0
1642853,1,1,0,0
219448248,1,1,0,0
219886117,1,1,0,0
183954518,2,2,0,0
12996810,1,1,0,0
36954423,1,1,0,0
220297433,1,1,0,0
418693,1,1,0,0
208577817,2,2,0,0
3806067,4,4,0,0
221366791,1,1,0,0
4365896,1,1,0,0
4807337,1,1,0,0
201365580,1,1,0,0
3952319,1,1,0,0
8833997,1,1,0,0
69203193,30,30,0,0
425737,1,1,0,0
1157189,1,1,0,0
46538062,1,1,0,0
225095373,3,3,0,0
128066863,1,1,0,0
2453278,1,1,0,0
31647289,1,1,0,0
12287205,1,1,0,0
97534451,2,2,0,0
216497948,1,1,0,0
73190345,1,1,0,0
21570891,17,17,0,0
77230802,1,1,0,0
5115635,2,2,0,0
135373553,2,2,0,0
230413534,1,1,0,0
7181747,1,1,0,0
230569854,2,1,1,0
231033903,1,1,0,0
36982214,1,1,0,0
4474955,2,0,2,0
55835374,1,0,1,0
966723,1,1,0,0
17741442,2,2,0,0
33664909,1,1,0,0
27789799,2,0,2,0
46151252,1,1,0,0
233203296,1,1,0,0
134792083,1,0,1,0
27241272,1,1,0,0
19574474,2,2,0,0
233733884,2,2,0,0
23455172,1,1,0,0
16325168,1,1,0,0
159839010,3,0,3,0
195016684,1,1,0,0
1158402,8,5,3,0
15517555,1,1,0,0
108050042,2,1,1,0
6880365,1,1,0,0
128923810,1,1,0,0
5467394,2,1,1,0
5943445,1,1,0,0
6555931,1,1,0,0
66256547,1,0,1,0
238394816,1,1,0,0
238503631,1,1,0,0
42865328,1,0,1,0
220082929,1,1,0,0
95350797,1,1,0,0
570552730,1,1,0,0
239817994,1,1,0,0
61076428,1,1,0,0
18493253,2,2,0,0
3532124,4,4,0,0
237463,1,1,0,0
241250039,1,0,1,0
73385154,1,1,0,0
247086,1,1,0,0
12003362,1,1,0,0
2430045,1,1,0,0
242984873,1,1,0,0
243204916,1,0,1,0
108080929,2,2,0,0
29407969,1,1,0,0
5297856,1,1,0,0
241508765,3,3,0,0
122447633,1,1,0,0
244371151,1,1,0,0
123268799,2,2,0,0
246291297,1,1,0,0
8440607,1,1,0,0
195467577,1,1,0,0
119476075,1,0,1,0
1922341,4,4,0,0
246859433,1,1,0,0
243171543,1,1,0,0
232895115,2,2,0,0
27323824,1,1,0,0
184467515,1,1,0,0
40490589,1,1,0,0
19829396,3,3,0,0
13632628,1,1,0,0
105811458,1,1,0,0
251867718,2,0,2,0
252317583,1,1,0,0
135195550,3,0,3,0
11358775,1,1,0,0
64224836,1,1,0,0
129443521,1,1,0,0
36486329,1,1,0,0
253181788,1,1,0,0
255873015,1,1,0,0
255486813,1,1,0,0
3609290,1,1,0,0
110722382,1,1,0,0
4584982,1,1,0,0
46698505,1,1,0,0
95344867,1,1,0,0
78577135,3,0,3,0
258648184,1,1,0,0
141298284,4,0,4,0
6095670,1,1,0,0
35990837,2,2,0,0
261002058,1,1,0,0
117707156,2,0,2,0
42942998,1,1,0,0
105396940,1,0,1,0
7757638,1,1,0,0
262130852,1,1,0,0
56749290,1,1,0,0
84839495,1,1,0,0
198556725,1,1,0,0
53493489,1,1,0,0
68815525,1,1,0,0
110083911,1,0,1,0
5509070,2,0,2,0
70689374,1,1,0,0
265391427,5,5,0,0
45457556,1,1,0,0
147044280,1,0,1,0
56247828,1,1,0,0
266037254,2,2,0,0
59592308,1,1,0,0
31987180,1,1,0,0
129165980,1,1,0,0
164658070,1,1,0,0
56599514,3,3,0,0
268123553,1,1,0,0
109541227,1,1,0,0
22801245,3,1,2,0
280636,2,2,0,0
271120083,1,1,0,0
126975069,6,4,2,0
1265752,1,1,0,0
269834634,8,7,1,0
272882211,1,1,0,0
63922350,1,1,0,0
57938914,1,1,0,0
14003321,1,1,0,0
16398871,2,2,0,0
71406059,1,1,0,0
3291650,1,1,0,0
192319570,1,1,0,0
276412829,1,1,0,0
29980292,2,2,0,0
13604352,2,2,0,0
93362692,1,1,0,0
2960725,1,1,0,0
134672049,1,1,0,0
279777862,1,0,1,0
273858247,1,1,0,0
43944969,1,1,0,0
14898825,1,1,0,0
28613623,1,1,0,0
280731063,4,2,2,0
53222831,3,3,0,0
220632646,1,1,0,0
24936720,1,1,0,0
25854085,1,1,0,0
109188175,1,1,0,0
156375393,2,2,0,0
147672488,1,1,0,0
13404528,2,2,0,0
4476230,2,2,0,0
8500709,1,1,0,0
24087388,1,1,0,0
286089018,1,1,0,0
26971935,1,1,0,0
10386607,1,1,0,0
286638108,1,1,0,0
6509683,1,1,0,0
281813382,1,1,0,0
37046633,3,3,0,0
1311994,1,1,0,0
289259344,20,20,0,0
289695321,1,1,0,0
5798600,2,2,0,0
13351297,1,1,0,0
119046186,1,1,0,0
15103467,1,1,0,0
100727,3,3,0,0
154507467,1,1,0,0
293372071,2,2,0,0
294272884,1,1,0,0
5316966,1,1,0,0
3367231,4,4,0,0
98438550,1,0,1,0
5956393,1,1,0,0
8003285,1,1,0,0
26266075,1,1,0,0
294411073,1,1,0,0
93141271,1,0,1,0
2795746,1,1,0,0
298618235,1,1,0,0
299020926,1,0,1,0
141904488,1,1,0,0
18894668,1,1,0,0
10714677,1,1,0,0
289955644,1,1,0,0
20627253,4,4,0,0
5871111,1,1,0,0
302341977,1,1,0,0
302908431,1,1,0,0
304261532,7,7,0,0
11158634,1,1,0,0
303101466,3,0,3,0
306013328,1,1,0,0
306131660,1,1,0,0
306512018,1,0,1,0
60085780,1,1,0,0
69033883,3,1,2,0
92444608,1,1,0,0
130517319,1,1,0,0
33063976,1,0,1,0
309954138,1,1,0,0
119489123,1,1,0,0
117435224,1,1,0,0
310326096,1,1,0,0
17594289,1,1,0,0
2880559,2,2,0,0
23222208,1,1,0,0
205497174,1,1,0,0
6355123,1,1,0,0
312608571,3,0,3,0
213406176,1,1,0,0
73455370,1,1,0,0
42771729,1,1,0,0
70072639,1,1,0,0
313872722,4,1,3,0
234050569,2,2,0,0
9009298,1,1,0,0
161649426,3,1,2,0
83278191,1,1,0,0
27980626,1,0,1,0
122503294,1,1,0,0
139859248,1,1,0,0
28313647,1,0,1,0
268618822,1,1,0,0
318753695,1,1,0,0
71508455,1,0,0,1
43617494,1,1,0,0
177481753,1,1,0,0
81742926,1,1,0,0
322298965,4,1,3,0
9647199,1,0,1,0
323951788,1,1,0,0
19174246,1,1,0,0
1415268,3,2,1,0
84513560,1,1,0,0
1402804,2,0,2,0
16509981,1,1,0,0
14202487,1,1,0,0
2828504,1,1,0,0
37719229,1,1,0,0
22796337,1,1,0,0
48322327,1,1,0,0
125128760,1,1,0,0
158159778,2,2,0,0
136290766,2,2,0,0
35590783,1,0,1,0
103857108,1,0,1,0
4500391,1,1,0,0
103493229,1,1,0,0
656756,2,2,0,0
8899745,1,1,0,0
8760797,1,1,0,0
9683119,2,2,0,0
83641547,1,1,0,0
333566085,1,1,0,0
77741012,1,1,0,0
60099307,1,1,0,0
73780679,2,2,0,0
227194376,19,19,0,0
324906850,11,0,9,2
84747357,1,1,0,0
336446574,1,1,0,0
29000675,1,0,1,0
154338237,1,1,0,0
25861453,1,1,0,0
85895899,1,1,0,0
222768138,1,1,0,0
71455448,2,2,0,0
51727942,1,1,0,0
217039487,1,1,0,0
16840318,1,1,0,0
25126534,3,3,0,0
188700932,1,1,0,0
95748990,2,2,0,0
38557368,1,1,0,0
10158167,1,1,0,0
265853584,1,1,0,0
942128,1,0,1,0
300968567,1,1,0,0
151460226,1,1,0,0
64796239,1,1,0,0
24022538,1,1,0,0
17285506,2,0,2,0
28968825,1,1,0,0
156491119,1,1,0,0
12541419,1,0,1,0
339505596,1,1,0,0
66832336,1,1,0,0
11015446,1,1,0,0
345980734,1,1,0,0
346644486,3,3,0,0
346713306,1,1,0,0
61371355,1,1,0,0
75487604,1,1,0,0
80553903,2,2,0,0
348591875,1,1,0,0
349110258,1,1,0,0
17970511,1,1,0,0
951119,1,1,0,0
22735045,1,1,0,0
183975299,1,1,0,0
6320930,1,1,0,0
6762981,1,1,0,0
266565827,2,0,2,0
40622360,4,0,4,0
1219601,1,1,0,0
119715979,1,1,0,0
67517380,2,2,0,0
4431837,1,1,0,0
67772223,1,0,1,0
73794838,1,0,1,0
127034950,5,5,0,0
4691074,1,1,0,0
270957643,1,1,0,0
142483193,1,1,0,0
2401817,1,0,1,0
10181718,1,1,0,0
360585434,1,1,0,0
22088881,1,1,0,0
14359760,1,1,0,0
1644999,1,1,0,0
452114819,2,2,0,0
4999841,1,1,0,0
359216561,1,1,0,0
14488963,1,1,0,0
292538124,3,2,1,0
203125886,1,1,0,0
28011820,4,4,0,0
33378245,2,2,0,0
172416408,1,1,0,0
364922886,1,1,0,0
364978049,1,1,0,0
124833761,1,1,0,0
56708981,1,1,0,0
366169291,1,1,0,0
16561471,1,1,0,0
189297762,1,0,1,0
188185624,1,1,0,0
58104446,3,3,0,0
309580714,2,0,0,2
283851100,1,1,0,0
10523670,2,2,0,0
225646907,1,1,0,0
44080778,1,1,0,0
16309787,1,1,0,0
369329549,1,1,0,0
69251153,1,1,0,0
337020834,4,0,4,0
83409288,1,1,0,0
370943658,1,1,0,0
201899438,1,1,0,0
10530921,5,5,0,0
60528043,1,1,0,0
5379812,1,1,0,0
371996493,1,1,0,0
371873412,1,1,0,0
4398452,2,2,0,0
29128198,1,1,0,0
143212276,2,2,0,0
337758783,2,2,0,0
202132693,1,1,0,0
310074919,1,1,0,0
257539140,8,8,0,0
100507452,1,1,0,0
85302120,1,1,0,0
1569728,2,0,2,0
21701933,1,1,0,0
38197351,9,2,7,0
152998344,1,1,0,0
755980,1,1,0,0
305689325,5,0,5,0
7650266,44,44,0,0
10532814,2,2,0,0
22758479,2,2,0,0
22490527,3,3,0,0
20281003,1,1,0,0
4870160,2,2,0,0
94980211,1,1,0,0
231133074,1,1,0,0
163825346,1,1,0,0
177743379,1,1,0,0
4641615,1,1,0,0
63742377,1,1,0,0
11649040,1,1,0,0
377727739,1,1,0,0
37052041,1,1,0,0
378025803,1,1,0,0
12197133,1,1,0,0
60649946,1,1,0,0
2216426,1,1,0,0
133265206,6,6,0,0
18737347,1,1,0,0
131603240,1,1,0,0
180330203,1,1,0,0
12029413,1,1,0,0
378002958,1,0,1,0
55133178,1,1,0,0
78830550,1,1,0,0
36168268,1,1,0,0
61643,5,2,3,0
380302583,1,1,0,0
21168927,1,1,0,0
38294216,4,0,4,0
7785611,1,1,0,0
202557984,2,0,2,0
27553005,1,1,0,0
30729259,1,1,0,0
382254944,1,1,0,0
68062915,1,1,0,0
44126772,1,1,0,0
377569030,1,1,0,0
16470890,1,1,0,0
13615800,1,0,1,0
26138890,1,1,0,0
134907083,1,0,1,0
383058773,1,1,0,0
10663585,1,1,0,0
38694549,1,0,1,0
19003407,1,1,0,0
121774640,1,1,0,0
383399604,1,1,0,0
2838210,2,2,0,0
383776222,2,0,2,0
140643176,1,1,0,0
383928857,2,2,0,0
147716131,1,0,1,0
384125675,1,1,0,0
2770879,1,1,0,0
384301691,2,2,0,0
386101761,29,0,29,0
386054308,1,1,0,0
386610352,7,7,0,0
38618744,1,1,0,0
386999455,2,2,0,0
382697037,3,3,0,0
120455802,3,3,0,0
6354654,1,1,0,0
6949069,1,1,0,0
47878212,1,1,0,0
120446639,2,2,0,0
97552590,1,1,0,0
22296770,1,1,0,0
389033179,1,1,0,0
380753283,2,2,0,0
4407953,1,1,0,0
32795375,1,1,0,0
7118788,1,1,0,0
721359,2,2,0,0
389664429,5,5,0,0
111101312,1,1,0,0
390913090,1,1,0,0
18043397,5,2,3,0
184692904,1,1,0,0
391691680,1,1,0,0
146175399,1,1,0,0
349531567,1,1,0,0
207880537,1,1,0,0
392164706,7,6,1,0
392721148,1,1,0,0
1583329,1,1,0,0
24877097,1,1,0,0
246893889,1,1,0,0
27542963,1,1,0,0
394568651,1,1,0,0
79165412,1,1,0,0
463731,1,1,0,0
323773287,1,1,0,0
63917838,3,3,0,0
31286289,3,3,0,0
1745073,1,1,0,0
395317323,1,1,0,0
3841035,2,2,0,0
105831547,1,1,0,0
396221659,1,1,0,0
193245881,1,1,0,0
31913498,1,1,0,0
40974233,1,1,0,0
37178679,1,1,0,0
45659914,1,1,0,0
40977773,1,1,0,0
302163063,1,0,1,0
59977955,1,1,0,0
398508235,1,1,0,0
191259202,1,1,0,0
73406513,1,1,0,0
399217548,6,6,0,0
87582498,1,1,0,0
182077229,1,1,0,0
210785866,1,1,0,0
349251028,8,8,0,0
29656215,1,1,0,0
5556571,1,0,1,0
116245550,1,1,0,0
35328672,4,4,0,0
19744534,2,0,2,0
26279213,1,1,0,0
1809672,1,1,0,0
233628,1,1,0,0
47115433,2,0,2,0
400922360,1,1,0,0
2543537,1,1,0,0
401709674,1,1,0,0
67948802,1,1,0,0
183421640,1,1,0,0
25582718,1,1,0,0
402065431,4,4,0,0
161599427,2,2,0,0
43949129,1,1,0,0
2031491,1,1,0,0
2139705,1,1,0,0
79931328,1,1,0,0
403217194,2,2,0,0
88457546,2,2,0,0
61376819,1,1,0,0
403856732,1,1,0,0
65729584,1,1,0,0
339486965,1,1,0,0
28254191,1,1,0,0
404404580,2,2,0,0
238728111,5,0,5,0
404766802,2,2,0,0
65677230,1,1,0,0
8165015,1,1,0,0
405397184,1,1,0,0
8803996,1,1,0,0
17922516,1,1,0,0
120149490,1,1,0,0
371555289,1,1,0,0
9691027,1,1,0,0
169109637,1,1,0,0
27837666,1,1,0,0
23556804,1,0,1,0
14653276,1,1,0,0
402727736,1,1,0,0
407496166,1,1,0,0
19214127,13,13,0,0
4254411,4,0,4,0
286957279,1,1,0,0
30005195,1,1,0,0
228007700,1,1,0,0
408774276,1,1,0,0
14748754,1,1,0,0
11028246,4,1,3,0
663380,1,1,0,0
9795466,1,1,0,0
409137827,2,2,0,0
86206863,1,1,0,0
2627841,1,1,0,0
113535536,1,1,0,0
64341138,1,1,0,0
2298713,1,1,0,0
28274998,11,11,0,0
33522984,1,1,0,0
136047340,1,0,1,0
34607703,1,1,0,0
269872084,2,1,1,0
31791599,1,1,0,0
1934857,1,1,0,0
36561986,1,1,0,0
181205324,1,1,0,0
1927771,1,1,0,0
77808209,1,1,0,0
19510846,1,1,0,0
2672782,1,1,0,0
200622780,1,1,0,0
90603359,2,0,2,0
50279560,1,1,0,0
414561076,1,0,1,0
49939274,1,1,0,0
16970386,1,1,0,0
124402493,1,1,0,0
209151231,1,1,0,0
218477244,2,0,2,0
12599191,1,1,0,0
10112608,1,1,0,0
38254954,1,1,0,0
237827583,1,1,0,0
360380092,4,4,0,0
417050154,1,1,0,0
2841377,1,1,0,0
12524531,1,0,1,0
492187,1,1,0,0
401961204,1,0,1,0
39631646,2,2,0,0
335736622,1,1,0,0
65822604,1,1,0,0
21377902,1,1,0,0
162610060,1,1,0,0
34926050,1,1,0,0
25174501,1,1,0,0
401132548,2,0,2,0
362347983,1,1,0,0
362858420,4,4,0,0
100976376,1,1,0,0
32578518,1,1,0,0
6456954,1,1,0,0
262338822,3,2,1,0
376520262,1,1,0,0
372516832,1,1,0,0
68206025,4,4,0,0
46648299,2,2,0,0
220804341,2,2,0,0
419886943,1,1,0,0
419986173,2,1,1,0
33913295,1,1,0,0
13078544,1,1,0,0
3481443,1,1,0,0
24879478,2,2,0,0
420859375,2,2,0,0
27317683,1,1,0,0
8139997,22,22,0,0
2609208,1,1,0,0
421112971,1,1,0,0
91089176,1,1,0,0
404692244,2,2,0,0
592884,1,1,0,0
421782658,2,2,0,0
754478,1,1,0,0
147415027,1,1,0,0
395909309,5,5,0,0
867604,1,1,0,0
33152962,4,4,0,0
422922777,1,1,0,0
260031923,1,1,0,0
2854966,1,1,0,0
1262027,1,1,0,0
202075543,5,5,0,0
422034582,12,12,0,0
348027338,1,1,0,0
72697395,6,2,4,0
415795947,1,0,1,0
425200126,3,3,0,0
26527411,1,1,0,0
1686868,1,1,0,0
425626021,1,1,0,0
22657047,1,1,0,0
78181491,1,1,0,0
100213298,1,1,0,0
251200685,1,1,0,0
49183292,1,1,0,0
36818026,1,1,0,0
28591013,1,1,0,0
18111117,1,1,0,0
427126438,1,1,0,0
21960076,1,1,0,0
427535501,1,1,0,0
427859229,1,1,0,0
125071618,1,1,0,0
132896974,1,1,0,0
9021333,1,1,0,0
403684038,1,1,0,0
2242913,3,3,0,0
429001229,7,7,0,0
374496026,1,1,0,0
254439388,1,1,0,0
63083446,1,0,1,0
59981531,1,1,0,0
429944122,1,1,0,0
430414456,1,1,0,0
3811644,1,1,0,0
78806399,1,1,0,0
15585800,2,2,0,0
7040556,1,1,0,0
1807142,2,2,0,0
432475830,2,2,0,0
18761839,1,1,0,0
21418268,1,1,0,0
4617,2,2,0,0
418489322,9,0,9,0
206173,1,1,0,0
21780601,1,1,0,0
433036056,2,2,0,0
433178509,1,1,0,0
31434901,1,1,0,0
108115693,1,1,0,0
22861210,1,1,0,0
308132049,4,0,4,0
73560272,1,0,1,0
12778358,1,1,0,0
25416348,1,1,0,0
1191691,1,1,0,0
153827050,1,1,0,0
33836600,1,1,0,0
9315090,1,1,0,0
277469021,1,1,0,0
9944650,1,1,0,0
400356228,1,1,0,0
29480888,1,1,0,0
359223600,1,1,0,0
91698747,1,1,0,0
57955741,4,4,0,0
28885555,1,0,1,0
19357594,1,1,0,0
219493221,11,10,1,0
412997518,2,2,0,0
71458027,1,1,0,0
437540964,1,1,0,0
2519404,1,0,1,0
437763171,1,1,0,0
1420300,1,1,0,0
378152763,1,1,0,0
41661281,2,2,0,0
438341341,4,0,4,0
226881246,1,1,0,0
35956277,1,1,0,0
395664930,3,3,0,0
2954143,2,2,0,0
251085501,1,1,0,0
434155323,1,1,0,0
1652097,1,1,0,0
439120968,1,1,0,0
439435037,1,0,1,0
73420854,1,1,0,0
10350810,1,1,0,0
16436014,1,1,0,0
1535142,1,1,0,0
33431362,1,1,0,0
440152831,1,1,0,0
141191872,2,2,0,0
230721705,2,1,1,0
54084363,1,1,0,0
71905712,1,1,0,0
283033673,1,1,0,0
17521330,1,1,0,0
395672427,4,4,0,0
441324991,1,1,0,0
29347599,1,1,0,0
61293420,1,1,0,0
114772,1,1,0,0
99068815,1,1,0,0
64542605,1,1,0,0
2571303,1,0,1,0
11671495,1,1,0,0
54393273,1,1,0,0
247775663,1,1,0,0
442560628,1,1,0,0
30697768,1,1,0,0
442709190,1,1,0,0
442845875,1,1,0,0
294545484,7,0,7,0
443316192,4,4,0,0
4611807,1,1,0,0
192912487,1,0,1,0
440367780,1,1,0,0
444083281,1,1,0,0
31790638,1,1,0,0
128152968,1,1,0,0
117200801,1,1,0,0
1311687,1,1,0,0
248536632,1,1,0,0
416564437,2,2,0,0
4871945,1,1,0,0
424079606,2,2,0,0
4975305,2,2,0,0
122434260,1,0,1,0
346661704,1,1,0,0
23827609,1,1,0,0
446186741,1,1,0,0
96202901,1,1,0,0
369362194,1,1,0,0
57019204,1,1,0,0
446702968,2,2,0,0
304174525,1,1,0,0
144826808,1,1,0,0
5844890,1,1,0,0
148679475,1,1,0,0
447257657,1,1,0,0
447301818,1,1,0,0
447320269,1,1,0,0
5078224,1,1,0,0
436326862,1,1,0,0
16274393,2,1,1,0
96470695,1,1,0,0
112449954,1,1,0,0
8753048,1,1,0,0
413567789,1,1,0,0
222603,2,2,0,0
250952462,1,1,0,0
24689130,2,2,0,0
22252069,1,1,0,0
82184603,1,1,0,0
58215299,1,1,0,0
164996573,1,1,0,0
377628450,1,1,0,0
450914198,1,1,0,0
277679553,1,1,0,0
25654521,1,1,0,0
80883993,1,1,0,0
5533021,1,1,0,0
131934644,1,1,0,0
91145909,1,1,0,0
59506316,1,1,0,0
451627238,1,1,0,0
161274657,1,1,0,0
451826601,1,1,0,0
432681140,6,0,6,0
196241275,1,1,0,0
351398058,2,2,0,0
452163490,1,1,0,0
81005284,2,2,0,0
66370024,1,1,0,0
55823592,2,2,0,0
368975494,1,1,0,0
66522370,1,1,0,0
21899862,1,1,0,0
1479464,1,0,1,0
16248377,1,1,0,0
110733273,2,2,0,0
335499521,1,1,0,0
11338469,1,1,0,0
47671202,1,1,0,0
164517974,1,1,0,0
76232156,1,1,0,0
49673813,3,1,2,0
454289951,2,2,0,0
18794485,1,1,0,0
5827627,1,1,0,0
88361686,1,1,0,0
79111504,1,1,0,0
34958033,1,1,0,0
14120961,1,0,1,0
450911888,1,1,0,0
143609796,1,1,0,0
61862691,1,1,0,0
81155597,1,1,0,0
356027852,1,1,0,0
456232621,1,1,0,0
2112154,1,1,0,0
6743344,1,1,0,0
55670814,2,1,1,0
52730319,1,0,1,0
174792040,7,0,7,0
4388602,1,1,0,0
456983037,6,0,6,0
101553179,1,1,0,0
68306789,1,1,0,0
317149310,1,1,0,0
178514298,1,0,1,0
109403875,1,1,0,0
458825016,1,1,0,0
115413684,1,1,0,0
455256527,1,1,0,0
334404495,2,2,0,0
443373037,1,1,0,0
426417706,1,1,0,0
514600481,2,0,2,0
2917460,1,1,0,0
48341025,1,1,0,0
166887737,1,1,0,0
9874094,2,1,1,0
460781406,1,1,0,0
24463960,1,1,0,0
14656848,2,2,0,0
163861461,1,1,0,0
26530597,1,1,0,0
52708925,1,0,1,0
4175742,1,1,0,0
31940535,1,1,0,0
413366800,2,2,0,0
4693826,1,1,0,0
15582957,1,1,0,0
141344806,3,3,0,0
3379046,1,1,0,0
36312048,1,1,0,0
462914688,1,1,0,0
401218228,2,2,0,0
329870519,1,1,0,0
22795221,1,1,0,0
442110827,2,0,2,0
463693684,2,2,0,0
54801228,1,1,0,0
76999451,1,1,0,0
2878981,1,1,0,0
156115710,2,2,0,0
464139430,10,0,10,0
464218291,1,1,0,0
27278619,1,1,0,0
39452230,1,1,0,0
3614842,1,1,0,0
275396572,1,1,0,0
958586,1,0,1,0
16129722,1,1,0,0
36754485,1,0,1,0
65476100,1,1,0,0
7705017,1,1,0,0
7079173,1,1,0,0
461866282,5,5,0,0
267093301,3,3,0,0
51510699,1,1,0,0
161710995,1,1,0,0
56129459,1,1,0,0
466036665,3,3,0,0
148130914,4,4,0,0
208752845,2,2,0,0
48253186,2,0,2,0
466427054,1,1,0,0
26416938,1,1,0,0
49629118,1,1,0,0
466672560,3,3,0,0
466834966,1,1,0,0
8499496,1,1,0,0
172702772,1,1,0,0
64532749,1,1,0,0
9241616,1,1,0,0
45105443,1,1,0,0
7742749,1,1,0,0
364182158,1,1,0,0
333130860,1,1,0,0
16682882,1,1,0,0
128604644,1,1,0,0
292627688,2,2,0,0
513603934,8,8,0,0
5527210,1,1,0,0
280371648,1,1,0,0
22345741,1,1,0,0
469641346,1,0,1,0
261762982,2,2,0,0
134046,1,0,1,0
4018160,1,1,0,0
6637404,1,1,0,0
1547715,1,1,0,0
435236518,1,0,1,0
49420626,1,1,0,0
426021057,1,0,1,0
72132214,1,1,0,0
465768480,1,1,0,0
65394223,1,1,0,0
139711721,1,1,0,0
24615909,1,1,0,0
472636668,1,1,0,0
376678366,3,3,0,0
452896472,1,1,0,0
6259510,1,1,0,0
459392781,7,7,0,0
49510866,3,3,0,0
48430258,2,2,0,0
16547546,1,1,0,0
70098073,2,2,0,0
386682302,2,2,0,0
158126649,1,1,0,0
448001121,1,1,0,0
416777308,2,0,2,0
474561751,1,0,1,0
15304970,1,1,0,0
2999039,2,0,2,0
85981799,1,1,0,0
24265498,1,1,0,0
181671548,2,2,0,0
30791791,1,1,0,0
18391363,1,1,0,0
20410885,1,1,0,0
18257723,1,1,0,0
415808927,1,0,1,0
10602097,1,1,0,0
11298125,1,1,0,0
472038137,1,1,0,0
476877081,1,1,0,0
477470516,1,1,0,0
477583476,1,1,0,0
168253030,1,1,0,0
478034560,1,1,0,0
119073497,1,1,0,0
444177183,1,1,0,0
10137243,1,1,0,0
478304176,1,1,0,0
24991136,1,1,0,0
478854915,2,2,0,0
479313312,1,1,0,0
150017454,3,0,3,0
2577711,1,1,0,0
62969643,1,1,0,0
253075736,1,1,0,0
475690891,1,0,1,0
73186059,1,0,1,0
5346,1,0,1,0
437660791,14,1,13,0
78343666,1,1,0,0
27946960,1,1,0,0
481329106,2,2,0,0
4629990,1,1,0,0
4431073,1,1,0,0
481450323,1,1,0,0
5098569,1,1,0,0
52866506,1,1,0,0
481760027,1,1,0,0
110602437,1,1,0,0
195304747,1,1,0,0
71220366,1,1,0,0
18715163,1,1,0,0
108751582,2,2,0,0
34851986,1,1,0,0
14324494,1,1,0,0
149714218,1,1,0,0
482628161,3,3,0,0
6758479,1,1,0,0
482858079,1,1,0,0
32630954,2,2,0,0
483102320,1,1,0,0
1497929,1,1,0,0
56743782,1,1,0,0
483710543,1,1,0,0
190915829,2,2,0,0
52369580,1,1,0,0
156008530,1,1,0,0
415835828,3,3,0,0
10642877,2,1,1,0
77709061,3,3,0,0
484300464,1,1,0,0
16634686,1,1,0,0
328240103,1,1,0,0
9391178,1,1,0,0
107075015,1,0,1,0
116877500,9,4,5,0
8503228,1,1,0,0
33685401,2,2,0,0
427821215,1,1,0,0
114348917,1,1,0,0
64489332,1,1,0,0
485830841,1,1,0,0
26112700,1,1,0,0
486683380,1,1,0,0
430298215,1,1,0,0
486756357,1,1,0,0
9944414,1,1,0,0
367480436,1,1,0,0
486831476,1,1,0,0
458318467,1,1,0,0
27659990,1,1,0,0
226254381,1,1,0,0
147435774,1,1,0,0
296689680,2,2,0,0
192058151,2,1,1,0
247090104,2,0,2,0
23630423,5,5,0,0
307567026,1,1,0,0
4826676,2,1,1,0
488290524,1,1,0,0
61647353,1,1,0,0
489362461,1,1,0,0
325414537,2,1,1,0
79071533,1,1,0,0
24222354,4,4,0,0
23319440,1,1,0,0
129029545,1,1,0,0
489766096,2,1,1,0
423385,1,1,0,0
35004448,1,1,0,0
24578622,1,1,0,0
47077025,1,1,0,0
30493939,1,1,0,0
604971,1,1,0,0
70073336,1,1,0,0
21897642,1,1,0,0
491245054,1,1,0,0
48566288,1,0,1,0
139820864,1,1,0,0
491550504,1,1,0,0
491573760,1,1,0,0
491998018,2,2,0,0
19350355,1,1,0,0
9584811,1,1,0,0
51446803,3,3,0,0
235029370,1,1,0,0
76492557,1,1,0,0
101649712,2,2,0,0
38923544,1,1,0,0
476375,1,0,1,0
493134238,2,1,1,0
99322541,1,1,0,0
493926224,8,0,8,0
29635241,1,1,0,0
494644476,1,1,0,0
175520142,1,1,0,0
1001274,2,2,0,0
3571862,1,1,0,0
60575106,1,1,0,0
495539223,1,1,0,0
10619214,2,1,1,0
30839458,1,1,0,0
97178728,3,3,0,0
7109366,1,1,0,0
131774930,1,1,0,0
355016189,1,1,0,0
107277648,1,1,0,0
290434201,1,1,0,0
497241328,1,1,0,0
77179645,1,1,0,0
2774098,1,1,0,0
30866030,1,1,0,0
516580049,1,1,0,0
232606161,1,1,0,0
498011443,1,1,0,0
498296831,1,1,0,0
407076056,2,2,0,0
498576258,3,0,3,0
282571,1,1,0,0
498618976,1,1,0,0
93622599,1,1,0,0
168456441,3,0,3,0
29169433,1,1,0,0
499403539,1,1,0,0
62474126,1,1,0,0
21735221,1,1,0,0
500433937,1,1,0,0
492182231,2,2,0,0
85991635,2,2,0,0
30292785,1,1,0,0
191372290,1,1,0,0
54079714,1,1,0,0
34856644,2,0,2,0
483187707,1,1,0,0
1466084,2,1,1,0
501668320,1,1,0,0
79762960,1,0,1,0
282934485,1,1,0,0
502356395,2,2,0,0
502434505,1,1,0,0
5538553,1,1,0,0
51803920,2,2,0,0
140624598,1,1,0,0
45245638,1,1,0,0
346220065,3,2,1,0
502775259,2,2,0,0
30956786,1,1,0,0
4993788,1,1,0,0
22936195,2,2,0,0
747404,1,1,0,0
503128124,1,1,0,0
353203626,1,1,0,0
54194447,1,1,0,0
50949458,1,1,0,0
53500538,31,31,0,0
67506564,1,0,1,0
85745746,1,1,0,0
39482718,1,1,0,0
288033145,7,0,0,7
389204839,1,1,0,0
249515363,2,0,2,0
8267354,1,1,0,0
417880024,1,0,1,0
1676585,1,1,0,0
441682952,4,0,4,0
4872329,1,1,0,0
505237333,1,1,0,0
52862167,1,1,0,0
505131405,1,1,0,0
39592773,1,1,0,0
177084854,4,4,0,0
505882163,1,1,0,0
5706129,3,3,0,0
506345763,1,1,0,0
59778090,1,1,0,0
425019452,16,16,0,0
506759722,1,1,0,0
506789267,2,2,0,0
331049846,1,0,1,0
25621,1,1,0,0
285141272,1,1,0,0
228071809,21,11,10,0
507398810,1,1,0,0
15906842,1,1,0,0
27502265,1,1,0,0
264706797,1,1,0,0
508375807,1,1,0,0
19798023,2,2,0,0
500907286,1,0,1,0
127515562,1,1,0,0
431426196,1,1,0,0
1483531,1,1,0,0
80888415,3,3,0,0
454241,1,1,0,0
10122089,1,1,0,0
124874156,1,1,0,0
49655827,1,1,0,0
1238901,1,1,0,0
509660311,2,0,2,0
34225322,1,1,0,0
4008680,1,1,0,0
11410590,1,1,0,0
510341453,3,3,0,0
42253071,1,1,0,0
43352899,1,1,0,0
350184884,1,1,0,0
222315358,1,1,0,0
511696553,1,1,0,0
2506010,1,0,1,0
123251329,1,1,0,0
12031843,2,1,1,0
61717768,1,1,0,0
5592835,1,1,0,0
492190376,1,1,0,0
144482916,1,1,0,0
432322041,1,1,0,0
512752407,1,1,0,0
193059952,1,1,0,0
355577184,1,1,0,0
513013124,1,1,0,0
11612044,1,1,0,0
63784212,2,2,0,0
52672838,1,1,0,0
30246487,3,0,3,0
257228869,1,1,0,0
164065446,1,1,0,0
59833065,1,1,0,0
183728537,1,0,1,0
206750300,1,1,0,0
514885581,1,1,0,0
678523,1,1,0,0
44361276,1,1,0,0
18806434,1,1,0,0
423283413,1,1,0,0
211657930,1,1,0,0
1352994,1,1,0,0
58044170,1,1,0,0
17466094,1,1,0,0
54546817,1,1,0,0
15739609,1,1,0,0
516494104,1,1,0,0
445242170,4,1,3,0
33039590,1,1,0,0
40136469,1,1,0,0
516107852,2,2,0,0
4318127,1,1,0,0
141106224,1,1,0,0
360941391,12,11,1,0
162428147,1,1,0,0
517575272,1,1,0,0
517779954,1,0,1,0
25138314,2,2,0,0
397366263,2,2,0,0
163819852,1,1,0,0
518202573,4,4,0,0
11330505,1,1,0,0
380168633,1,1,0,0
28478925,2,2,0,0
7554608,1,1,0,0
68243762,1,1,0,0
94470078,7,3,4,0
5773347,1,1,0,0
28955290,1,1,0,0
501999514,2,0,0,0
520162362,1,1,0,0
520271488,1,1,0,0
274608536,1,1,0,0
12473426,1,1,0,0
60244972,1,1,0,0
10490341,1,1,0,0
196429300,1,1,0,0
19931161,1,1,0,0
27067985,1,1,0,0
47490567,1,1,0,0
506295098,1,1,0,0
67738985,1,1,0,0
78184094,1,1,0,0
26712070,1,1,0,0
5522576,1,1,0,0
32193186,1,1,0,0
278917508,1,1,0,0
21773686,2,2,0,0
448723910,2,0,2,0
523346566,1,1,0,0
483397298,3,3,0,0
523967463,5,0,5,0
523973774,1,1,0,0
147993764,1,1,0,0
213535106,1,1,0,0
262120063,1,1,0,0
6289090,1,1,0,0
8114980,2,2,0,0
495439249,13,0,0,0
524981690,1,1,0,0
138764698,1,1,0,0
536183512,1,1,0,0
1301477,1,1,0,0
477901062,1,1,0,0
45108608,1,1,0,0
44856954,1,1,0,0
51263921,1,1,0,0
520682304,1,1,0,0
66056188,1,0,1,0
168626819,2,2,0,0
23247072,1,1,0,0
381508492,1,1,0,0
65909341,1,1,0,0
19177772,1,1,0,0
81108690,1,1,0,0
526991657,1,1,0,0
10020304,1,1,0,0
142595596,1,1,0,0
7003517,1,1,0,0
53226489,1,1,0,0
300713937,1,1,0,0
10193690,1,1,0,0
31085948,1,1,0,0
528048366,4,1,3,0
395221042,1,1,0,0
103024794,1,1,0,0
219169477,2,2,0,0
12744922,1,1,0,0
504829806,1,1,0,0
189522998,1,1,0,0
528135981,2,2,0,0
46505715,1,1,0,0
102374216,1,1,0,0
528229758,1,1,0,0
9563347,2,2,0,0
529359092,1,1,0,0
529724504,1,1,0,0
44203219,1,1,0,0
529859067,7,7,0,0
513374416,1,1,0,0
72755484,1,1,0,0
5556845,1,1,0,0
208443342,1,1,0,0
109813221,2,2,0,0
42798049,1,1,0,0
278028940,1,1,0,0
51222062,1,1,0,0
6033141,1,1,0,0
14786356,2,2,0,0
12241308,1,1,0,0
17040139,1,0,1,0
137515519,1,1,0,0
80682387,1,1,0,0
35483886,1,1,0,0
81116693,1,1,0,0
28420396,2,2,0,0
73853862,1,1,0,0
29571064,2,2,0,0
180986286,2,2,0,0
419492,2,1,1,0
21446876,1,1,0,0
18560963,1,0,1,0
56374418,1,1,0,0
160307058,1,1,0,0
434671641,1,1,0,0
51150261,2,1,1,0
65502545,1,1,0,0
240452638,2,2,0,0
74336050,1,1,0,0
131471227,1,0,1,0
38621257,1,1,0,0
204317958,1,1,0,0
525097238,1,1,0,0
351080856,1,1,0,0
470246866,2,2,0,0
7652899,1,1,0,0
4854668,1,1,0,0
5269688,1,1,0,0
33736673,1,1,0,0
48949508,1,1,0,0
468788669,1,1,0,0
15153474,1,1,0,0
440730350,2,2,0,0
35340389,2,2,0,0
121656411,1,1,0,0
537414057,1,1,0,0
537447303,1,1,0,0
6027536,1,1,0,0
28568357,3,3,0,0
428031517,1,1,0,0
20726180,1,1,0,0
178858755,1,1,0,0
52986459,1,0,1,0
60430717,1,1,0,0
538849626,1,0,1,0
214300179,1,1,0,0
40150960,2,1,1,0
99066572,1,1,0,0
32935630,4,0,4,0
10508115,1,1,0,0
540166635,7,7,0,0
533234561,123,3,120,0
540701210,1,1,0,0
16631892,1,1,0,0
55034774,1,1,0,0
541253796,1,1,0,0
205400381,1,1,0,0
79536630,1,1,0,0
109857750,4,4,0,0
20769661,1,1,0,0
526547201,5,1,4,0
501999278,37,0,0,0
170394494,1,1,0,0
542324339,1,1,0,0
2270470,2,2,0,0
1279758,1,1,0,0
542557315,1,1,0,0
483826541,1,0,1,0
542699535,1,1,0,0
11836210,2,2,0,0
506456886,1,0,1,0
10421039,1,1,0,0
56813219,1,1,0,0
543156241,1,1,0,0
376315368,1,1,0,0
543315177,1,1,0,0
170798505,1,1,0,0
27176530,2,2,0,0
540501727,1,1,0,0
86266684,1,1,0,0
4258762,1,1,0,0
258773443,1,1,0,0
112940745,1,1,0,0
529110726,1,1,0,0
66843448,2,2,0,0
74276942,2,2,0,0
544266424,1,1,0,0
542305268,1,1,0,0
60243939,3,3,0,0
203273005,1,1,0,0
801793,1,1,0,0
545121316,1,1,0,0
545130451,1,1,0,0
22618148,4,4,0,0
127982616,1,0,1,0
181461952,1,1,0,0
183128825,1,1,0,0
14368762,1,1,0,0
543562601,19,19,0,0
295226441,1,1,0,0
546632403,1,1,0,0
10437935,1,1,0,0
540669818,2,2,0,0
546956976,3,1,2,0
545770969,3,0,3,0
313101353,1,1,0,0
547704172,1,1,0,0
153042282,1,1,0,0
23346538,2,2,0,0
74366242,1,1,0,0
548137110,2,2,0,0
407175299,1,1,0,0
485351059,1,1,0,0
135280219,1,1,0,0
70089665,1,1,0,0
549004366,1,1,0,0
37476034,2,2,0,0
507990812,1,1,0,0
543729693,11,0,11,0
347008743,1,1,0,0
284499859,9,9,0,0
57028640,4,4,0,0
432386568,7,0,7,0
550438099,1,0,1,0
550756025,1,1,0,0
163251048,25,25,0,0
7395893,1,1,0,0
544725494,8,0,8,0
138605119,3,0,3,0
329334017,1,1,0,0
551267796,1,1,0,0
5872703,1,0,1,0
7165887,1,1,0,0
13389647,1,1,0,0
44538751,1,0,1,0
6582626,1,1,0,0
8324375,1,1,0,0
551998570,1,1,0,0
52758337,1,1,0,0
552559799,2,2,0,0
63703933,1,1,0,0
371554031,1,1,0,0
9282946,1,1,0,0
553339585,2,0,2,0
550446014,1,0,1,0
155624532,1,1,0,0
81285794,1,1,0,0
22534141,1,1,0,0
54486478,1,1,0,0
553841392,2,0,2,0
554015418,3,3,0,0
554268132,1,1,0,0
62471797,1,1,0,0
184627696,4,4,0,0
2652894,1,1,0,0
543102713,1,1,0,0
12899183,1,1,0,0
49581075,1,1,0,0
33684429,1,1,0,0
35814213,1,1,0,0
28026760,1,1,0,0
555786408,3,3,0,0
555848524,3,3,0,0
59648888,2,2,0,0
373859199,2,2,0,0
59523050,1,1,0,0
87756717,1,0,1,0
50830738,1,1,0,0
154392688,1,1,0,0
552051180,1,1,0,0
546355743,1,0,1,0
20360676,1,1,0,0
423406035,1,1,0,0
80031368,1,1,0,0
549465428,2,0,2,0
77947842,1,1,0,0
14453025,1,1,0,0
558412805,7,7,0,0
558970302,1,1,0,0
547335339,9,0,9,0
556525715,1,1,0,0
559727671,1,1,0,0
559656740,4,0,4,0
559650716,2,0,2,0
559850907,2,2,0,0
301871335,1,1,0,0
559443150,10,0,10,0
4949915,1,1,0,0
2407869,2,2,0,0
217945744,2,0,2,0
560413472,1,1,0,0
541226612,1,1,0,0
560686300,1,1,0,0
5217750,1,1,0,0
560792177,1,1,0,0
27963198,1,1,0,0
1973706,1,1,0,0
263894576,1,1,0,0
109172262,1,0,1,0
561255726,4,2,2,0
457791905,1,1,0,0
3571997,1,1,0,0
516585192,2,0,2,0
153179677,1,1,0,0
14754090,1,0,1,0
559666660,1,0,1,0
542313975,1,1,0,0
441249491,4,4,0,0
562080381,1,1,0,0
561894308,36,36,0,0
2875141,1,1,0,0
562453024,1,1,0,0
353152177,3,3,0,0
8449103,1,1,0,0
57948655,1,1,0,0
125043706,1,1,0,0
297004882,1,1,0,0
557154823,1,1,0,0
562967413,1,1,0,0
198935288,2,2,0,0
106719223,1,1,0,0
563391866,1,1,0,0
549606147,1,0,1,0
25936773,1,1,0,0
11614964,1,1,0,0
14758582,4,4,0,0
11787949,1,1,0,0
564597022,2,2,0,0
564670344,2,2,0,0
564492535,3,0,3,0
178222552,2,1,1,0
142911840,1,1,0,0
329665561,1,1,0,0
92637229,1,1,0,0
565197855,1,1,0,0
51314517,1,1,0,0
26638021,1,1,0,0
176947645,1,1,0,0
96997786,1,1,0,0
500969881,1,0,1,0
565942169,3,3,0,0
54680165,1,1,0,0
62498367,3,3,0,0
566376614,1,1,0,0
72789348,1,1,0,0
566621542,9,9,0,0
188967629,1,1,0,0
56637010,1,1,0,0
566959000,2,2,0,0
5733999,1,1,0,0
566998508,1,1,0,0
567141908,1,1,0,0
11980555,4,4,0,0
567447393,2,2,0,0
70561631,1,1,0,0
567825242,1,1,0,0
4057752,1,0,1,0
567907131,1,0,1,0
567236239,5,0,5,0
3404490,1,1,0,0
36854312,1,1,0,0
58096313,1,1,0,0
566705655,6,0,6,0
568263182,1,0,1,0
592191035,1,1,0,0
202111589,1,1,0,0
11740156,3,3,0,0
270620621,1,1,0,0
263502162,13,13,0,0
1572589,1,1,0,0
23570359,1,1,0,0
112326047,1,1,0,0
80099914,3,3,0,0
569132961,1,1,0,0
6370470,1,1,0,0
469736479,2,2,0,0
58494674,2,1,1,0
310255212,1,1,0,0
51325093,1,1,0,0
121342487,3,3,0,0
570116032,1,1,0,0
17553676,1,1,0,0
31859735,1,0,1,0
6767145,2,2,0,0
548737800,2,2,0,0
568453703,1,1,0,0
570392939,3,1,2,0
570418673,1,1,0,0
181851,1,1,0,0
571240527,5,0,5,0
133310626,1,1,0,0
17495733,3,0,3,0
152807746,1,1,0,0
501999919,14,0,2,0
26252847,1,1,0,0
571068218,3,1,2,0
7898165,1,1,0,0
569200484,1,1,0,0
572458665,1,1,0,0
572662708,1,0,1,0
118649456,1,1,0,0
563970610,1,0,1,0
573190553,6,6,0,0
19136196,1,0,1,0
62165426,1,1,0,0
88138189,1,1,0,0
527501572,1,0,1,0
25457900,3,0,3,0
22024017,1,0,1,0
143967359,1,1,0,0
446820235,67,67,0,0
573888867,3,3,0,0
239757898,3,1,2,0
57558523,1,1,0,0
573863433,1,1,0,0
6998306,1,1,0,0
138329,1,1,0,0
543871487,1,1,0,0
366830096,1,1,0,0
32378753,1,1,0,0
175353105,1,1,0,0
104720875,3,3,0,0
102925305,1,1,0,0
110078257,1,1,0,0
574949369,3,3,0,0
12763324,1,1,0,0
575190650,1,1,0,0
4844275,2,2,0,0
575378868,1,0,1,0
575395424,4,4,0,0
160366567,1,1,0,0
417902264,1,0,1,0
387747008,1,0,1,0
107201497,1,1,0,0
576174926,2,2,0,0
34924327,1,1,0,0
118490211,1,1,0,0
62517745,1,1,0,0
52322609,1,0,1,0
270555148,1,1,0,0
444405936,1,1,0,0
418039710,1,1,0,0
16673419,1,1,0,0
205263350,1,1,0,0
151349087,1,1,0,0
130133402,1,1,0,0
19069532,1,1,0,0
86610420,1,1,0,0
577617834,1,1,0,0
37675241,1,1,0,0
121169203,1,1,0,0
577906281,1,1,0,0
362001825,3,3,0,0
10256614,1,1,0,0
23621131,1,1,0,0
29896565,1,1,0,0
150447857,1,1,0,0
372708759,1,1,0,0
197354490,2,2,0,0
70488101,1,1,0,0
529814879,1,1,0,0
15268160,1,1,0,0
308537144,2,2,0,0
9004901,1,1,0,0
13074947,1,1,0,0
56788734,1,1,0,0
50867133,1,1,0,0
39801783,1,1,0,0
2052044,1,1,0,0
576181482,1,1,0,0
568234456,3,3,0,0
29962762,1,1,0,0
9774160,1,1,0,0
156710427,1,1,0,0
54276042,1,1,0,0
390333061,1,1,0,0
353581556,1,1,0,0
581817304,1,1,0,0
302931833,1,1,0,0
240619483,4,4,0,0
65707823,1,1,0,0
460712024,1,1,0,0
154873968,1,1,0,0
126325369,1,1,0,0
532274855,1,1,0,0
373135938,1,1,0,0
563741513,3,3,0,0
583839206,1,1,0,0
12264739,1,1,0,0
583891577,1,1,0,0
36977557,1,1,0,0
582948173,3,0,3,0
195240711,1,1,0,0
45551590,1,1,0,0
584860106,1,1,0,0
450710844,1,1,0,0
37441944,1,1,0,0
5474300,1,1,0,0
22926634,2,2,0,0
70176571,1,1,0,0
392585544,1,1,0,0
544021412,3,3,0,0
28315302,1,1,0,0
651268927,1,1,0,0
2807629,1,1,0,0
27290317,9,9,0,0
585953130,1,1,0,0
40702658,1,1,0,0
586250394,1,1,0,0
586257271,1,1,0,0
176281808,1,1,0,0
81162230,1,1,0,0
479505039,1,1,0,0
382692799,1,0,1,0
246254845,1,1,0,0
253436565,1,1,0,0
2356419,1,1,0,0
587173088,8,8,0,0
13583719,1,1,0,0
87407920,1,1,0,0
481170999,1,1,0,0
47778580,1,1,0,0
566545597,1,1,0,0
45010980,1,1,0,0
468975953,2,0,2,0
6880288,18,0,18,0
23535589,1,1,0,0
588854619,2,2,0,0
384160514,4,4,0,0
39874399,1,1,0,0
4057842,1,1,0,0
136307851,1,1,0,0
79295716,1,1,0,0
87067507,1,1,0,0
168725305,1,1,0,0
35729876,3,3,0,0
576166539,2,2,0,0
242568725,2,2,0,0
555251750,2,0,2,0
591526039,1,1,0,0
591683595,1,1,0,0
247536401,1,1,0,0
106743857,1,1,0,0
591942339,1,1,0,0
43708582,1,1,0,0
592159366,1,1,0,0
517254194,1,1,0,0
585909707,1,1,0,0
51694754,1,0,1,0
56172,1,1,0,0
151091906,1,1,0,0
74982956,1,1,0,0
593160326,1,1,0,0
44878116,1,1,0,0
213787385,1,0,1,0
333168123,1,1,0,0
593822570,1,0,1,0
48413393,1,1,0,0
157089151,1,1,0,0
594198422,1,1,0,0
18517241,1,1,0,0
419860823,2,2,0,0
417507596,1,1,0,0
153047783,1,1,0,0
35210423,1,1,0,0
441980889,1,1,0,0
594558994,1,1,0,0
594593935,1,0,1,0
490956451,5,5,0,0
30043820,1,1,0,0
591546230,1,1,0,0
2902940,1,1,0,0
53773923,1,1,0,0
595237526,2,0,2,0
26386547,1,1,0,0
28627944,1,1,0,0
78078320,1,0,1,0
490436482,2,2,0,0
509913601,1,1,0,0
595068459,1,1,0,0
4143147,1,1,0,0
596217463,1,1,0,0
596225802,1,1,0,0
350729797,1,1,0,0
175770941,1,1,0,0
536983570,1,0,1,0
596384677,3,3,0,0
546692850,1,1,0,0
596436205,1,1,0,0
596455233,15,15,0,0
596506403,1,1,0,0
255864238,2,2,0,0
75313993,1,1,0,0
70986961,1,1,0,0
111767408,1,1,0,0
7279350,2,2,0,0
1691598,1,1,0,0
28313806,1,1,0,0
395463190,1,0,1,0
32422226,2,0,2,0
62807689,1,1,0,0
456002922,1,1,0,0
227144121,1,1,0,0
164462282,1,1,0,0
134763935,2,2,0,0
462993563,1,1,0,0
233868033,1,1,0,0
387832758,1,1,0,0
480237365,8,8,0,0
598655815,1,1,0,0
28964991,1,1,0,0
598801515,1,0,1,0
66076444,1,1,0,0
577812831,5,5,0,0
55115548,1,1,0,0
32023924,1,1,0,0
598031189,3,0,3,0
73833123,3,1,2,0
99592151,3,3,0,0
33761366,1,1,0,0
438648845,1,1,0,0
560836476,3,3,0,0
197718757,1,1,0,0
140906931,1,1,0,0
22372428,1,0,1,0
564976784,1,1,0,0
434441799,1,1,0,0
301543676,5,5,0,0
276319339,1,0,1,0
37836808,1,1,0,0
651104188,1,1,0,0
48532503,1,1,0,0
651501324,1,1,0,0
24949932,1,1,0,0
456557270,1,1,0,0
651817616,1,1,0,0
543273592,4,4,0,0
365382437,1,1,0,0
150011031,3,0,3,0
58935808,1,1,0,0
652237194,1,1,0,0
81283846,1,1,0,0
18468673,1,1,0,0
652746832,3,3,0,0
183572807,1,1,0,0
35218366,1,1,0,0
575656858,2,2,0,0
507178155,1,1,0,0
653203708,1,1,0,0
9540785,1,1,0,0
653458771,1,1,0,0
1226352,1,1,0,0
65380296,1,1,0,0
59386611,1,1,0,0
653169551,1,1,0,0
175682262,1,1,0,0
251822020,2,2,0,0
14693432,1,0,1,0
449979002,1,1,0,0
654320903,1,1,0,0
8319007,1,1,0,0
654348528,1,1,0,0
61841821,1,1,0,0
654034368,1,0,1,0
654929763,2,2,0,0
1165593,1,1,0,0
594596539,3,0,2,0
655194533,1,1,0,0
655497890,1,1,0,0
11793019,1,1,0,0
655603994,1,1,0,0
78507546,1,1,0,0
48911178,1,1,0,0
464991208,1,0,1,0
656111718,1,1,0,0
656314374,1,1,0,0
137577479,28,28,0,0
2502277,2,2,0,0
415215,1,1,0,0
20484259,1,1,0,0
523141948,1,1,0,0
49987473,1,1,0,0
534586882,1,1,0,0
657521565,1,1,0,0
657510834,1,1,0,0
657528417,1,1,0,0
657562815,2,2,0,0
371805606,1,1,0,0
9531077,1,1,0,0
103890759,1,1,0,0
24530376,1,1,0,0
59232750,1,1,0,0
52256825,1,1,0,0
31613457,1,1,0,0
657508326,1,1,0,0
26999861,1,1,0,0
1683577,1,1,0,0
171306675,1,0,1,0
658430371,2,2,0,0
218754864,2,2,0,0
5041323,1,1,0,0
435326959,1,1,0,0
659073516,1,1,0,0
26112253,1,1,0,0
17343178,1,1,0,0
599087273,1,1,0,0
23388187,1,1,0,0
28980569,1,1,0,0
9719585,2,2,0,0
659747501,5,5,0,0
366262322,1,0,1,0
659755609,1,1,0,0
659071457,1,1,0,0
660022131,6,6,0,0
9488965,1,1,0,0
6136601,1,1,0,0
651316978,1,1,0,0
191174730,1,1,0,0
32010186,1,1,0,0
20587708,1,1,0,0
16399599,1,1,0,0
7382157,1,1,0,0
421444935,1,1,0,0
660761616,1,1,0,0
16948983,1,1,0,0
74063766,1,1,0,0
661003940,1,1,0,0
76625968,1,1,0,0
13142494,1,1,0,0
248202,1,0,1,0
659447972,1,1,0,0
143301577,1,1,0,0
237249731,1,1,0,0
500166154,1,1,0,0
134688325,1,1,0,0
33508664,1,1,0,0
77404268,2,2,0,0
123878881,1,1,0,0
662307251,1,0,1,0
32904689,1,1,0,0
662327427,1,1,0,0
10697399,1,1,0,0
662403355,2,2,0,0
77813745,1,1,0,0
178318768,3,1,2,0
107371413,1,1,0,0
281145322,4,0,4,0
1884621,1,1,0,0
277231075,3,1,2,0
663070596,1,1,0,0
8429536,1,1,0,0
81234061,3,1,2,0
663323570,1,1,0,0
281579853,1,1,0,0
120687460,1,1,0,0
11362137,1,1,0,0
451960338,1,1,0,0
9419866,1,1,0,0
295248195,1,1,0,0
663846557,1,1,0,0
20777657,1,1,0,0
663898293,1,1,0,0
279022025,1,1,0,0
662880832,1,1,0,0
239409630,3,0,3,0
664281112,1,1,0,0
23953239,1,0,1,0
17598715,1,1,0,0
664591341,5,5,0,0
664598738,1,1,0,0
9652490,1,1,0,0
12571117,1,1,0,0
134967768,5,1,4,0
2364858,1,0,1,0
181529192,1,1,0,0
121679088,1,1,0,0
11521603,1,1,0,0
118230287,1,0,1,0
178247685,1,1,0,0
405828112,1,1,0,0
47919955,1,1,0,0
69887062,1,1,0,0
70206141,1,1,0,0
537870166,1,0,1,0
3033203,1,1,0,0
22745827,1,0,1,0
653339769,1,1,0,0
184823334,1,1,0,0
30967351,1,1,0,0
666124727,1,1,0,0
25510545,1,1,0,0
25854143,2,2,0,0
508301041,2,0,2,0
8523225,1,0,1,0
133095454,2,2,0,0
1268864,3,0,3,0
362581983,3,3,0,0
148995144,1,1,0,0
667284866,2,2,0,0
351390663,1,1,0,0
24969254,1,1,0,0
667616493,2,2,0,0
666976838,1,1,0,0
593423126,1,1,0,0
665729090,14,0,14,0
586502514,1,1,0,0
656367400,3,0,3,0
663113954,1,1,0,0
50399382,1,1,0,0
391685661,1,1,0,0
668308063,1,1,0,0
8479575,1,1,0,0
668439650,1,1,0,0
668456734,1,1,0,0
668408616,6,6,0,0
75984449,1,1,0,0
16664819,1,1,0,0
218981938,2,2,0,0
661729331,1,0,1,0
668958512,2,0,2,0
42280804,1,1,0,0
108704694,2,0,2,0
550907141,1,1,0,0
430386,1,1,0,0
2050880,1,1,0,0
669757250,2,0,2,0
35866768,1,1,0,0
155217826,1,1,0,0
580956193,1,1,0,0
669940320,1,1,0,0
902113,1,1,0,0
2000481,1,1,0,0
6322335,1,1,0,0
12468412,1,0,1,0
12573880,1,1,0,0
28758446,1,1,0,0
78084207,1,1,0,0
671199484,1,1,0,0
60980614,1,1,0,0
53343762,1,1,0,0
387845145,1,1,0,0
3404434,1,1,0,0
255785836,1,0,1,0
671981960,1,1,0,0
179042074,1,1,0,0
162383923,1,1,0,0
16460470,1,1,0,0
30245235,2,2,0,0
671972304,3,3,0,0
25859014,6,6,0,0
110665269,1,1,0,0
433587286,1,1,0,0
673026157,1,1,0,0
56751198,1,1,0,0
23789531,1,1,0,0
6165905,1,1,0,0
39892986,1,1,0,0
673165228,1,1,0,0
673343273,1,1,0,0
673438969,1,1,0,0
36796361,1,0,1,0
673574929,2,0,2,0
574576177,1,1,0,0
38826760,1,0,1,0
674520762,4,4,0,0
674595779,1,1,0,0
674767873,1,1,0,0
674794167,5,0,5,0
674803505,3,3,0,0
675499321,5,0,5,0
675772021,1,1,0,0
84109666,1,1,0,0
8327629,1,0,1,0
7987012,1,1,0,0
676390753,1,1,0,0
216248834,1,1,0,0
5111665,2,2,0,0
1568403,1,1,0,0
668257309,1,1,0,0
677183458,4,0,4,0
491157307,1,1,0,0
97149836,2,2,0,0
257851333,1,1,0,0
208075014,2,1,1,0
18515584,3,0,3,0
418154192,1,1,0,0
556305888,1,0,1,0
618692,1,1,0,0
9093849,1,1,0,0
585049981,1,1,0,0
678605801,5,5,0,0
443121605,1,1,0,0
109690042,1,1,0,0
462977231,1,1,0,0
46899813,1,1,0,0
114482385,1,1,0,0
437500257,1,1,0,0
672066977,2,0,2,0
1369787,1,1,0,0
679549981,3,3,0,0
679621149,1,1,0,0
579994477,1,1,0,0
150452542,1,1,0,0
567428908,1,0,1,0
662057046,1,1,0,0
675887851,1,1,0,0
10306037,1,1,0,0
374927249,1,1,0,0
680418822,1,1,0,0
211443310,1,1,0,0
12583393,1,1,0,0
681391481,1,1,0,0
440824728,1,1,0,0
29586376,1,1,0,0
681380211,1,1,0,0
259017357,4,4,0,0
249676530,1,1,0,0
672927684,1,1,0,0
46794484,1,1,0,0
583479605,1,1,0,0
21821409,1,1,0,0
